DROP TABLE Permissions cascade constraints;
DROP TABLE SiteUsers cascade constraints;
DROP TABLE Friends cascade constraints;
DROP TABLE Messages cascade constraints;
DROP TABLE SiteGroups cascade constraints;
DROP TABLE ManageGroups cascade constraints;
DROP TABLE Photos cascade constraints;
DROP TABLE Posts cascade constraints;
DROP TABLE SiteComments cascade constraints;
DROP TABLE Includes cascade constraints;

CREATE TABLE Permissions(
    permissionID INT GENERATED BY DEFAULT ON NULL AS IDENTITY,
    permission_name VARCHAR(100),
    PRIMARY KEY(permissionID)
);

CREATE TABLE SiteUsers(
    permissionID INT,
    sur_name VARCHAR2(100),
    last_name VARCHAR2(100),
    email VARCHAR2(100),
    passwords VARCHAR2(100),
    workplace VARCHAR2(100),
    school VARCHAR2(100),
    birth_year INT,
    birth_month INT,
    birth_day INT,
    PRIMARY KEY(email),
    FOREIGN KEY(permissionID) REFERENCES Permissions(permissionID) ON DELETE CASCADE
);

CREATE TABLE Friends(
    friendEmail1 VARCHAR(100),
    friendEmail2 VARCHAR(100),
    friend_start_date VARCHAR(100),
    is_friend INT,
    FOREIGN KEY(friendEmail1) REFERENCES SiteUsers(email) ON DELETE CASCADE,
    FOREIGN KEY(friendEmail2) REFERENCES SiteUsers(email) ON DELETE CASCADE
);

CREATE TABLE Messages(
    messageID INT GENERATED BY DEFAULT ON NULL AS IDENTITY,
    senderEmail VARCHAR(100),
    receiverEmail VARCHAR(100),
    message_text VARCHAR(1000),
    send_date VARCHAR(100),
    PRIMARY KEY(messageID),
    FOREIGN KEY(senderEmail) REFERENCES SiteUsers(email) ON DELETE CASCADE,
    FOREIGN KEY(receiverEmail) REFERENCES SiteUsers(email) ON DELETE CASCADE
);

CREATE TABLE SiteGroups(
    groupID INT GENERATED BY DEFAULT ON NULL AS IDENTITY,
    ownerEmail VARCHAR(100),
    name VARCHAR(100),
    PRIMARY KEY(groupID),
    FOREIGN KEY(ownerEmail) REFERENCES SiteUsers(email) ON DELETE CASCADE
);

CREATE TABLE ManageGroups(
    email VARCHAR(100),
    groupID INT,
    join_date VARCHAR(100),
    FOREIGN KEY(email) REFERENCES SiteUsers(email) ON DELETE CASCADE,
    FOREIGN KEY(groupID) REFERENCES SiteGroups(groupID) ON DELETE CASCADE
);

CREATE TABLE Photos(
    photoID INT GENERATED BY DEFAULT ON NULL AS IDENTITY,
    email VARCHAR(100),
    photo_type VARCHAR(100),
    photo_url VARCHAR(1000),
    photo_size INT,
    PRIMARY KEY(photoID),
    FOREIGN KEY(email) REFERENCES SiteUsers(email) ON DELETE CASCADE
);

CREATE TABLE Posts(
    postID INT GENERATED BY DEFAULT ON NULL AS IDENTITY,
    email VARCHAR(100),
    photoID INT,
    groupID INT,
    post_text VARCHAR(1000),
    post_date VARCHAR(100),
    PRIMARY KEY(postID),
    FOREIGN KEY(email) REFERENCES SiteUsers(email) ON DELETE CASCADE,
    FOREIGN KEY(photoID) REFERENCES Photos(photoID) ON DELETE CASCADE,
    FOREIGN KEY(groupID) REFERENCES SiteGroups(groupID) ON DELETE CASCADE
);

CREATE TABLE SiteComments(
    commentID INT GENERATED BY DEFAULT ON NULL AS IDENTITY,
    postID INT,
    email VARCHAR(100),
    comment_text VARCHAR(1000),
    comment_date VARCHAR(100),
    PRIMARY KEY(commentID),
    FOREIGN KEY(postID) REFERENCES Posts(postID) ON DELETE CASCADE,
    FOREIGN KEY(email) REFERENCES SiteUsers(email) ON DELETE CASCADE
);

CREATE TABLE Includes(
    postID INT,
    commentID INT,
    FOREIGN KEY(postID) REFERENCES Posts(postID) ON DELETE CASCADE,
    FOREIGN KEY(commentID) REFERENCES SiteComments(commentID) ON DELETE CASCADE
);

INSERT INTO Permissions (permission_name) VALUES ('User');
INSERT INTO Permissions (permission_name) VALUES ('Admin');
INSERT INTO Permissions (permission_name) VALUES ('Mod');
INSERT INTO Permissions (permission_name) VALUES ('Dummy');
INSERT INTO Permissions (permission_name) VALUES ('Test');

INSERT INTO SiteUsers (permissionId, sur_name, last_name, email, passwords, birth_year, birth_month, birth_day, workplace, school) VALUES (1, 'John', 'Doe', 'john.doe@example.com', 'password123', 1990, 5, 15, 'ABC Company', 'XYZ University');
INSERT INTO SiteUsers (permissionId, sur_name, last_name, email, passwords, birth_year, birth_month, birth_day, workplace, school) VALUES (1, 'Alice', 'Smith', 'alice.smith@example.com', 'p@ssw0rd', 1985, 10, 20, 'DEF Corporation', 'University of ABC');
INSERT INTO SiteUsers (permissionId, sur_name, last_name, email, passwords, birth_year, birth_month, birth_day, workplace, school) VALUES (1, 'Bob', 'Johnson', 'bob.johnson@example.com', 'securepass', 1978, 3, 8, 'GHI Industries', '123 High School');
INSERT INTO SiteUsers (permissionId, sur_name, last_name, email, passwords, birth_year, birth_month, birth_day, workplace, school) VALUES (1, 'Emily', 'Williams', 'emily.williams@example.com', 'pass1234', 1989, 12, 25, 'JKL Enterprises', '456 Secondary School');
INSERT INTO SiteUsers (permissionId, sur_name, last_name, email, passwords, birth_year, birth_month, birth_day, workplace, school) VALUES (1, 'Michael', 'Brown', 'michael.brown@example.com', 'brownie', 1980, 7, 18, 'MNO Corporation', 'PQR College');
INSERT INTO SiteUsers (permissionId, sur_name, last_name, email, passwords, birth_year, birth_month, birth_day, workplace, school) VALUES (1, 'Sarah', 'Davis', 'sarah.davis@example.com', 'sarahpass', 1995, 9, 30, 'STU Ltd.', 'UVW Institute');
INSERT INTO SiteUsers (permissionId, sur_name, last_name, email, passwords, birth_year, birth_month, birth_day, workplace, school) VALUES (1, 'David', 'Martinez', 'emily.williams2@example.com', 'david123', 1983, 2, 11, 'XYZ Corporation', 'College of ZYX');
INSERT INTO SiteUsers (permissionId, sur_name, last_name, email, passwords, birth_year, birth_month, birth_day, workplace, school) VALUES (1, 'Jennifer', 'Lopez', 'jennifer.lopez@example.com', 'jlopass', 1975, 11, 7, 'ABC Enterprises', 'University of JKL');
INSERT INTO SiteUsers (permissionId, sur_name, last_name, email, passwords, birth_year, birth_month, birth_day, workplace, school) VALUES (1, 'Kevin', 'Clark', 'kevin.clark@example.com', 'kev123', 1992, 4, 22, 'MNO Corporation', 'University of PQR');
INSERT INTO SiteUsers (permissionId, sur_name, last_name, email, passwords, birth_year, birth_month, birth_day, workplace, school) VALUES (1, 'Emma', 'Wilson', 'emma.wilson@example.com', 'emmaw', 1987, 8, 12, 'GHI Ltd.', '456 High School');

INSERT INTO Friends (friendEmail1, friendEmail2, friend_start_date, is_friend) VALUES ('john.doe@example.com', 'alice.smith@example.com', '2023-01-01', 1);
INSERT INTO Friends (friendEmail1, friendEmail2, friend_start_date, is_friend) VALUES ('john.doe@example.com', 'bob.johnson@example.com', '2022-12-15', 1);
INSERT INTO Friends (friendEmail1, friendEmail2, friend_start_date, is_friend) VALUES ('alice.smith@example.com', 'bob.johnson@example.com', '2023-02-20', 1);
INSERT INTO Friends (friendEmail1, friendEmail2, friend_start_date, is_friend) VALUES ('emily.williams@example.com', 'michael.brown@example.com', '2023-03-10', 1);
INSERT INTO Friends (friendEmail1, friendEmail2, friend_start_date, is_friend) VALUES ('sarah.davis@example.com', 'kevin.clark@example.com', '2023-04-05', 1);
INSERT INTO Friends (friendEmail1, friendEmail2, friend_start_date, is_friend) VALUES ('kevin.clark@example.com', 'jennifer.lopez@example.com', '2023-05-15', 1);
INSERT INTO Friends (friendEmail1, friendEmail2, friend_start_date, is_friend) VALUES ('kevin.clark@example.com', 'emma.wilson@example.com', '2023-06-20', 1);
INSERT INTO Friends (friendEmail1, friendEmail2, friend_start_date, is_friend) VALUES ('emma.wilson@example.com', 'john.doe@example.com', '2023-07-01', 1);
INSERT INTO Friends (friendEmail1, friendEmail2, friend_start_date, is_friend) VALUES ('bob.johnson@example.com', 'michael.brown@example.com', '2023-08-10', 1);
INSERT INTO Friends (friendEmail1, friendEmail2, friend_start_date, is_friend) VALUES ('alice.smith@example.com', 'emily.williams@example.com', '2023-09-05', 1);

INSERT INTO Messages (senderEmail, receiverEmail, message_text, send_date) VALUES ('john.doe@example.com', 'alice.smith@example.com', 'Üzenet 1', '2023-01-01');
INSERT INTO Messages (senderEmail, receiverEmail, message_text, send_date) VALUES ('alice.smith@example.com', 'bob.johnson@example.com', 'Üzenet 2', '2023-01-02');
INSERT INTO Messages (senderEmail, receiverEmail, message_text, send_date) VALUES ('bob.johnson@example.com', 'john.doe@example.com', 'Üzenet 3', '2023-01-03');
INSERT INTO Messages (senderEmail, receiverEmail, message_text, send_date) VALUES ('emily.williams@example.com', 'michael.brown@example.com', 'Üzenet 4', '2023-01-04');
INSERT INTO Messages (senderEmail, receiverEmail, message_text, send_date) VALUES ('michael.brown@example.com', 'sarah.davis@example.com', 'Üzenet 5', '2023-01-05');
INSERT INTO Messages (senderEmail, receiverEmail, message_text, send_date) VALUES ('sarah.davis@example.com', 'kevin.clark@example.com', 'Üzenet 6', '2023-01-06');
INSERT INTO Messages (senderEmail, receiverEmail, message_text, send_date) VALUES ('kevin.clark@example.com', 'jennifer.lopez@example.com', 'Üzenet 7', '2023-01-07');
INSERT INTO Messages (senderEmail, receiverEmail, message_text, send_date) VALUES ('jennifer.lopez@example.com', 'kevin.clark@example.com', 'Üzenet 8', '2023-01-08');
INSERT INTO Messages (senderEmail, receiverEmail, message_text, send_date) VALUES ('kevin.clark@example.com', 'emma.wilson@example.com', 'Üzenet 9', '2023-01-09');
INSERT INTO Messages (senderEmail, receiverEmail, message_text, send_date) VALUES ('emma.wilson@example.com', 'john.doe@example.com', 'Üzenet 10', '2023-01-10');
INSERT INTO Messages (senderEmail, receiverEmail, message_text, send_date) VALUES ('john.doe@example.com', 'alice.smith@example.com', 'Üzenet 11', '2023-02-01');
INSERT INTO Messages (senderEmail, receiverEmail, message_text, send_date) VALUES ('alice.smith@example.com', 'bob.johnson@example.com', 'Üzenet 12', '2023-02-02');
INSERT INTO Messages (senderEmail, receiverEmail, message_text, send_date) VALUES ('bob.johnson@example.com', 'john.doe@example.com', 'Üzenet 13', '2023-02-03');
INSERT INTO Messages (senderEmail, receiverEmail, message_text, send_date) VALUES ('emily.williams@example.com', 'michael.brown@example.com', 'Üzenet 14', '2023-02-04');
INSERT INTO Messages (senderEmail, receiverEmail, message_text, send_date) VALUES ('michael.brown@example.com', 'sarah.davis@example.com', 'Üzenet 15', '2023-02-05');
INSERT INTO Messages (senderEmail, receiverEmail, message_text, send_date) VALUES ('sarah.davis@example.com', 'kevin.clark@example.com', 'Üzenet 16', '2023-02-06');
INSERT INTO Messages (senderEmail, receiverEmail, message_text, send_date) VALUES ('kevin.clark@example.com', 'jennifer.lopez@example.com', 'Üzenet 17', '2023-02-07');
INSERT INTO Messages (senderEmail, receiverEmail, message_text, send_date) VALUES ('jennifer.lopez@example.com', 'kevin.clark@example.com', 'Üzenet 18', '2023-02-08');
INSERT INTO Messages (senderEmail, receiverEmail, message_text, send_date) VALUES ('kevin.clark@example.com', 'emma.wilson@example.com', 'Üzenet 19', '2023-02-10');
INSERT INTO Messages (senderEmail, receiverEmail, message_text, send_date) VALUES ('emma.wilson@example.com', 'john.doe@example.com', 'Üzenet 20', '2023-02-11');
INSERT INTO Messages (senderEmail, receiverEmail, message_text, send_date) VALUES ('john.doe@example.com', 'alice.smith@example.com', 'Üzenet 21', '2023-03-01');
INSERT INTO Messages (senderEmail, receiverEmail, message_text, send_date) VALUES ('alice.smith@example.com', 'bob.johnson@example.com', 'Üzenet 22', '2023-03-02');
INSERT INTO Messages (senderEmail, receiverEmail, message_text, send_date) VALUES ('bob.johnson@example.com', 'john.doe@example.com', 'Üzenet 23', '2023-03-03');
INSERT INTO Messages (senderEmail, receiverEmail, message_text, send_date) VALUES ('emily.williams@example.com', 'michael.brown@example.com', 'Üzenet 24', '2023-03-04');
INSERT INTO Messages (senderEmail, receiverEmail, message_text, send_date) VALUES ('michael.brown@example.com', 'sarah.davis@example.com', 'Üzenet 25', '2023-03-05');
INSERT INTO Messages (senderEmail, receiverEmail, message_text, send_date) VALUES ('sarah.davis@example.com', 'kevin.clark@example.com', 'Üzenet 26', '2023-03-06');
INSERT INTO Messages (senderEmail, receiverEmail, message_text, send_date) VALUES ('kevin.clark@example.com', 'jennifer.lopez@example.com', 'Üzenet 27', '2023-03-07');
INSERT INTO Messages (senderEmail, receiverEmail, message_text, send_date) VALUES ('jennifer.lopez@example.com', 'kevin.clark@example.com', 'Üzenet 28', '2023-03-08');
INSERT INTO Messages (senderEmail, receiverEmail, message_text, send_date) VALUES ('kevin.clark@example.com', 'emma.wilson@example.com', 'Üzenet 29', '2023-03-10');
INSERT INTO Messages (senderEmail, receiverEmail, message_text, send_date) VALUES ('emma.wilson@example.com', 'john.doe@example.com', 'Üzenet 30', '2023-03-11');
INSERT INTO Messages (senderEmail, receiverEmail, message_text, send_date) VALUES ('john.doe@example.com', 'alice.smith@example.com', 'Üzenet 31', '2023-04-01');
INSERT INTO Messages (senderEmail, receiverEmail, message_text, send_date) VALUES ('alice.smith@example.com', 'bob.johnson@example.com', 'Üzenet 32', '2023-04-02');
INSERT INTO Messages (senderEmail, receiverEmail, message_text, send_date) VALUES ('bob.johnson@example.com', 'john.doe@example.com', 'Üzenet 33', '2023-04-03');
INSERT INTO Messages (senderEmail, receiverEmail, message_text, send_date) VALUES ('emily.williams@example.com', 'michael.brown@example.com', 'Üzenet 34', '2023-04-04');
INSERT INTO Messages (senderEmail, receiverEmail, message_text, send_date) VALUES ('michael.brown@example.com', 'sarah.davis@example.com', 'Üzenet 35', '2023-04-05');
INSERT INTO Messages (senderEmail, receiverEmail, message_text, send_date) VALUES ('sarah.davis@example.com', 'kevin.clark@example.com', 'Üzenet 36', '2023-04-06');
INSERT INTO Messages (senderEmail, receiverEmail, message_text, send_date) VALUES ('kevin.clark@example.com', 'jennifer.lopez@example.com', 'Üzenet 37', '2023-04-07');
INSERT INTO Messages (senderEmail, receiverEmail, message_text, send_date) VALUES ('jennifer.lopez@example.com', 'kevin.clark@example.com', 'Üzenet 38', '2023-04-08');
INSERT INTO Messages (senderEmail, receiverEmail, message_text, send_date) VALUES ('kevin.clark@example.com', 'emma.wilson@example.com', 'Üzenet 39', '2023-04-10');
INSERT INTO Messages (senderEmail, receiverEmail, message_text, send_date) VALUES ('emma.wilson@example.com', 'john.doe@example.com', 'Üzenet 40', '2023-04-11');
INSERT INTO Messages (senderEmail, receiverEmail, message_text, send_date) VALUES ('john.doe@example.com','alice.smith@example.com', 'Üzenet 41', '2023-05-01');
INSERT INTO Messages (senderEmail, receiverEmail, message_text, send_date) VALUES ('alice.smith@example.com', 'bob.johnson@example.com', 'Üzenet 42', '2023-05-02');
INSERT INTO Messages (senderEmail, receiverEmail, message_text, send_date) VALUES ('bob.johnson@example.com', 'john.doe@example.com', 'Üzenet 43', '2023-05-03');
INSERT INTO Messages (senderEmail, receiverEmail, message_text, send_date) VALUES ('emily.williams@example.com', 'michael.brown@example.com', 'Üzenet 44', '2023-05-04');
INSERT INTO Messages (senderEmail, receiverEmail, message_text, send_date) VALUES ('michael.brown@example.com', 'sarah.davis@example.com', 'Üzenet 45', '2023-05-05');
INSERT INTO Messages (senderEmail, receiverEmail, message_text, send_date) VALUES ('sarah.davis@example.com', 'kevin.clark@example.com', 'Üzenet 46', '2023-05-06');
INSERT INTO Messages (senderEmail, receiverEmail, message_text, send_date) VALUES ('kevin.clark@example.com', 'jennifer.lopez@example.com', 'Üzenet 47', '2023-05-07');
INSERT INTO Messages (senderEmail, receiverEmail, message_text, send_date) VALUES ('jennifer.lopez@example.com', 'kevin.clark@example.com', 'Üzenet 48', '2023-05-08');
INSERT INTO Messages (senderEmail, receiverEmail, message_text, send_date) VALUES ('kevin.clark@example.com', 'emma.wilson@example.com', 'Üzenet 49', '2023-05-10');
INSERT INTO Messages (senderEmail, receiverEmail, message_text, send_date) VALUES ('emma.wilson@example.com', 'john.doe@example.com', 'Üzenet 50', '2023-05-11');
INSERT INTO Messages (senderEmail, receiverEmail, message_text, send_date) VALUES ('john.doe@example.com', 'alice.smith@example.com', 'Üzenet 51', '2023-06-01');
INSERT INTO Messages (senderEmail, receiverEmail, message_text, send_date) VALUES ('alice.smith@example.com', 'bob.johnson@example.com', 'Üzenet 52', '2023-06-02');
INSERT INTO Messages (senderEmail, receiverEmail, message_text, send_date) VALUES ('bob.johnson@example.com', 'john.doe@example.com', 'Üzenet 53', '2023-06-03');
INSERT INTO Messages (senderEmail, receiverEmail, message_text, send_date) VALUES ('emily.williams@example.com', 'michael.brown@example.com', 'Üzenet 54', '2023-06-04');
INSERT INTO Messages (senderEmail, receiverEmail, message_text, send_date) VALUES ('michael.brown@example.com', 'sarah.davis@example.com', 'Üzenet 55', '2023-06-05');
INSERT INTO Messages (senderEmail, receiverEmail, message_text, send_date) VALUES ('sarah.davis@example.com', 'kevin.clark@example.com', 'Üzenet 56', '2023-06-06');
INSERT INTO Messages (senderEmail, receiverEmail, message_text, send_date) VALUES ('kevin.clark@example.com', 'jennifer.lopez@example.com', 'Üzenet 57', '2023-06-07');
INSERT INTO Messages (senderEmail, receiverEmail, message_text, send_date) VALUES ('jennifer.lopez@example.com', 'kevin.clark@example.com', 'Üzenet 58', '2023-06-08');
INSERT INTO Messages (senderEmail, receiverEmail, message_text, send_date) VALUES ('kevin.clark@example.com', 'emma.wilson@example.com', 'Üzenet 59', '2023-06-10');
INSERT INTO Messages (senderEmail, receiverEmail, message_text, send_date) VALUES ('emma.wilson@example.com', 'john.doe@example.com', 'Üzenet 60', '2023-06-11');
INSERT INTO Messages (senderEmail, receiverEmail, message_text, send_date) VALUES ('john.doe@example.com', 'alice.smith@example.com', 'Üzenet 61', '2023-07-01');
INSERT INTO Messages (senderEmail, receiverEmail, message_text, send_date) VALUES ('alice.smith@example.com', 'bob.johnson@example.com', 'Üzenet 62', '2023-07-02');
INSERT INTO Messages (senderEmail, receiverEmail, message_text, send_date) VALUES ('bob.johnson@example.com', 'john.doe@example.com', 'Üzenet 63', '2023-07-03');
INSERT INTO Messages (senderEmail, receiverEmail, message_text, send_date) VALUES ('emily.williams@example.com', 'michael.brown@example.com', 'Üzenet 64', '2023-07-04');
INSERT INTO Messages (senderEmail, receiverEmail, message_text, send_date) VALUES ('michael.brown@example.com', 'sarah.davis@example.com', 'Üzenet 65', '2023-07-05');
INSERT INTO Messages (senderEmail, receiverEmail, message_text, send_date) VALUES ('sarah.davis@example.com', 'kevin.clark@example.com', 'Üzenet 66', '2023-07-06');
INSERT INTO Messages (senderEmail, receiverEmail, message_text, send_date) VALUES ('kevin.clark@example.com', 'jennifer.lopez@example.com', 'Üzenet 67', '2023-07-07');
INSERT INTO Messages (senderEmail, receiverEmail, message_text, send_date) VALUES ('jennifer.lopez@example.com', 'kevin.clark@example.com', 'Üzenet 68', '2023-07-08');
INSERT INTO Messages (senderEmail, receiverEmail, message_text, send_date) VALUES ('kevin.clark@example.com', 'emma.wilson@example.com', 'Üzenet 69', '2023-07-10');
INSERT INTO Messages (senderEmail, receiverEmail, message_text, send_date) VALUES ('emma.wilson@example.com', 'john.doe@example.com', 'Üzenet 70', '2023-07-11');

INSERT INTO SiteGroups (ownerEmail, name) VALUES ('john.doe@example.com', 'Családi csoport');
INSERT INTO SiteGroups (ownerEmail, name) VALUES ('alice.smith@example.com', 'Baráti társaság');
INSERT INTO SiteGroups (ownerEmail, name) VALUES ('bob.johnson@example.com', 'Munkatársak');
INSERT INTO SiteGroups (ownerEmail, name) VALUES ('emily.williams@example.com', 'Tanulócsoport');
INSERT INTO SiteGroups (ownerEmail, name) VALUES ('michael.brown@example.com', 'Sportcsapat');
INSERT INTO SiteGroups (ownerEmail, name) VALUES ('sarah.davis@example.com', 'Érdeklődési kör');
INSERT INTO SiteGroups (ownerEmail, name) VALUES ('kevin.clark@example.com', 'Üzleti partnerek');
INSERT INTO SiteGroups (ownerEmail, name) VALUES ('jennifer.lopez@example.com', 'Hobbi csoport');
INSERT INTO SiteGroups (ownerEmail, name) VALUES ('kevin.clark@example.com', 'Közösségi szervezet');
INSERT INTO SiteGroups (ownerEmail, name) VALUES ('emma.wilson@example.com', 'Virtuális klub');

INSERT INTO ManageGroups (email, groupID, join_date) VALUES ('john.doe@example.com', 1, '2023-01-01');
INSERT INTO ManageGroups (email, groupID, join_date) VALUES ('alice.smith@example.com', 2, '2023-01-02');
INSERT INTO ManageGroups (email, groupID, join_date) VALUES ('bob.johnson@example.com', 3, '2023-01-03');
INSERT INTO ManageGroups (email, groupID, join_date) VALUES ('emily.williams@example.com', 4, '2023-01-04');
INSERT INTO ManageGroups (email, groupID, join_date) VALUES ('michael.brown@example.com', 5, '2023-01-05');
INSERT INTO ManageGroups (email, groupID, join_date) VALUES ('sarah.davis@example.com', 6, '2023-01-06');
INSERT INTO ManageGroups (email, groupID, join_date) VALUES ('kevin.clark@example.com', 7, '2023-01-07');
INSERT INTO ManageGroups (email, groupID, join_date) VALUES ('jennifer.lopez@example.com', 8, '2023-01-08');
INSERT INTO ManageGroups (email, groupID, join_date) VALUES ('kevin.clark@example.com', 9, '2023-01-09');
INSERT INTO ManageGroups (email, groupID, join_date) VALUES ('emma.wilson@example.com', 10, '2023-01-10');

INSERT INTO Photos (email, photo_type, photo_url, photo_size) VALUES ('john.doe@example.com', 'Profile', 'https://example.com/photo1.jpg', 1024);
INSERT INTO Photos (email, photo_type, photo_url, photo_size) VALUES ('alice.smith@example.com', 'Profile', 'https://example.com/photo2.jpg', 2048);
INSERT INTO Photos (email, photo_type, photo_url, photo_size) VALUES ('bob.johnson@example.com', 'Cover', 'https://example.com/photo3.jpg', 4096);
INSERT INTO Photos (email, photo_type, photo_url, photo_size) VALUES ('emily.williams@example.com', 'Profile', 'https://example.com/photo4.jpg', 8192);
INSERT INTO Photos (email, photo_type, photo_url, photo_size) VALUES ('michael.brown@example.com', 'Profile', 'https://example.com/photo5.jpg', 16384);
INSERT INTO Photos (email, photo_type, photo_url, photo_size) VALUES ('sarah.davis@example.com', 'Cover', 'https://example.com/photo6.jpg', 32768);
INSERT INTO Photos (email, photo_type, photo_url, photo_size) VALUES ('kevin.clark@example.com', 'Profile', 'https://example.com/photo7.jpg', 65536);
INSERT INTO Photos (email, photo_type, photo_url, photo_size) VALUES ('jennifer.lopez@example.com', 'Profile', 'https://example.com/photo8.jpg', 131072);
INSERT INTO Photos (email, photo_type, photo_url, photo_size) VALUES ('kevin.clark@example.com', 'Profile', 'https://example.com/photo9.jpg', 262144);
INSERT INTO Photos (email, photo_type, photo_url, photo_size) VALUES ('emma.wilson@example.com', 'Profile', 'https://example.com/photo10.jpg', 524288);
INSERT INTO Photos (email, photo_type, photo_url, photo_size) VALUES ('john.doe@example.com', 'Profile', 'https://example.com/photo11.jpg', 1048576);
INSERT INTO Photos (email, photo_type, photo_url, photo_size) VALUES ('alice.smith@example.com', 'Profile', 'https://example.com/photo12.jpg', 524288);
INSERT INTO Photos (email, photo_type, photo_url, photo_size) VALUES ('bob.johnson@example.com', 'Profile', 'https://example.com/photo13.jpg', 1572864);
INSERT INTO Photos (email, photo_type, photo_url, photo_size) VALUES ('emily.williams@example.com', 'Profile', 'https://example.com/photo14.jpg', 3145728);
INSERT INTO Photos (email, photo_type, photo_url, photo_size) VALUES ('michael.brown@example.com', 'Profile', 'https://example.com/photo15.jpg', 262144);
INSERT INTO Photos (email, photo_type, photo_url, photo_size) VALUES ('sarah.davis@example.com', 'Profile', 'https://example.com/photo16.jpg', 1048576);
INSERT INTO Photos (email, photo_type, photo_url, photo_size) VALUES ('kevin.clark@example.com', 'Profile', 'https://example.com/photo17.jpg', 1572864);
INSERT INTO Photos (email, photo_type, photo_url, photo_size) VALUES ('jennifer.lopez@example.com', 'Profile', 'https://example.com/photo18.jpg', 2097152);
INSERT INTO Photos (email, photo_type, photo_url, photo_size) VALUES ('kevin.clark@example.com', 'Profile', 'https://example.com/photo19.jpg', 524288);
INSERT INTO Photos (email, photo_type, photo_url, photo_size) VALUES ('emma.wilson@example.com', 'Profile', 'https://example.com/photo20.jpg', 2097152);
INSERT INTO Photos (email, photo_type, photo_url, photo_size) VALUES ('john.doe@example.com', 'Profile', 'https://example.com/photo21.jpg', 1048576);
INSERT INTO Photos (email, photo_type, photo_url, photo_size) VALUES ('alice.smith@example.com', 'Profile', 'https://example.com/photo22.jpg', 3145728);
INSERT INTO Photos (email, photo_type, photo_url, photo_size) VALUES ('bob.johnson@example.com', 'Profile', 'https://example.com/photo23.jpg', 524288);
INSERT INTO Photos (email, photo_type, photo_url, photo_size) VALUES ('emily.williams@example.com', 'Profile', 'https://example.com/photo24.jpg', 262144);
INSERT INTO Photos (email, photo_type, photo_url, photo_size) VALUES ('michael.brown@example.com', 'Profile', 'https://example.com/photo25.jpg', 1048576);
INSERT INTO Photos (email, photo_type, photo_url, photo_size) VALUES ('sarah.davis@example.com', 'Profile', 'https://example.com/photo26.jpg', 1572864);
INSERT INTO Photos (email, photo_type, photo_url, photo_size) VALUES ('kevin.clark@example.com', 'Profile', 'https://example.com/photo27.jpg', 524288);
INSERT INTO Photos (email, photo_type, photo_url, photo_size) VALUES ('jennifer.lopez@example.com', 'Profile', 'https://example.com/photo28.jpg', 2097152);
INSERT INTO Photos (email, photo_type, photo_url, photo_size) VALUES ('kevin.clark@example.com', 'Profile', 'https://example.com/photo29.jpg', 1048576);
INSERT INTO Photos (email, photo_type, photo_url, photo_size) VALUES ('emma.wilson@example.com', 'Profile', 'https://example.com/photo30.jpg', 262144);
INSERT INTO Photos (email, photo_type, photo_url, photo_size) VALUES ('john.doe@example.com', 'Profile', 'https://example.com/photo31.jpg', 3145728);
INSERT INTO Photos (email, photo_type, photo_url, photo_size) VALUES ('alice.smith@example.com', 'Profile', 'https://example.com/photo32.jpg', 524288);
INSERT INTO Photos (email, photo_type, photo_url, photo_size) VALUES ('bob.johnson@example.com', 'Profile', 'https://example.com/photo33.jpg', 2097152);
INSERT INTO Photos (email, photo_type, photo_url, photo_size) VALUES ('emily.williams@example.com', 'Profile', 'https://example.com/photo34.jpg', 1572864);
INSERT INTO Photos (email, photo_type, photo_url, photo_size) VALUES ('michael.brown@example.com', 'Profile', 'https://example.com/photo35.jpg', 1048576);
INSERT INTO Photos (email, photo_type, photo_url, photo_size) VALUES ('sarah.davis@example.com', 'Profile', 'https://example.com/photo36.jpg', 262144);
INSERT INTO Photos (email, photo_type, photo_url, photo_size) VALUES ('kevin.clark@example.com', 'Profile', 'https://example.com/photo37.jpg', 3145728);
INSERT INTO Photos (email, photo_type, photo_url, photo_size) VALUES ('jennifer.lopez@example.com', 'Profile', 'https://example.com/photo38.jpg', 786432);
INSERT INTO Photos (email, photo_type, photo_url, photo_size) VALUES ('kevin.clark@example.com', 'Profile', 'https://example.com/photo39.jpg', 1048576);
INSERT INTO Photos (email, photo_type, photo_url, photo_size) VALUES ('emma.wilson@example.com', 'Profile', 'https://example.com/photo40.jpg', 262144);
INSERT INTO Photos (email, photo_type, photo_url, photo_size) VALUES ('john.doe@example.com', 'Profile', 'https://example.com/photo41.jpg', 524288);
INSERT INTO Photos (email, photo_type, photo_url, photo_size) VALUES ('alice.smith@example.com', 'Profile', 'https://example.com/photo42.jpg', 1572864);
INSERT INTO Photos (email, photo_type, photo_url, photo_size) VALUES ('bob.johnson@example.com', 'Profile', 'https://example.com/photo43.jpg', 1048576);
INSERT INTO Photos (email, photo_type, photo_url, photo_size) VALUES ('emily.williams@example.com', 'Profile', 'https://example.com/photo44.jpg', 2097152);
INSERT INTO Photos (email, photo_type, photo_url, photo_size) VALUES ('michael.brown@example.com', 'Profile', 'https://example.com/photo45.jpg', 262144);
INSERT INTO Photos (email, photo_type, photo_url, photo_size) VALUES ('sarah.davis@example.com', 'Profile', 'https://example.com/photo46.jpg', 524288);
INSERT INTO Photos (email, photo_type, photo_url, photo_size) VALUES ('kevin.clark@example.com', 'Profile', 'https://example.com/photo47.jpg', 3145728);
INSERT INTO Photos (email, photo_type, photo_url, photo_size) VALUES ('jennifer.lopez@example.com', 'Profile', 'https://example.com/photo48.jpg', 786432);
INSERT INTO Photos (email, photo_type, photo_url, photo_size) VALUES ('kevin.clark@example.com', 'Profile', 'https://example.com/photo49.jpg', 1572864);
INSERT INTO Photos (email, photo_type, photo_url, photo_size) VALUES ('emma.wilson@example.com', 'Profile', 'https://example.com/photo50.jpg', 2097152);


INSERT INTO Posts (email, photoID, groupID, post_text, post_date) VALUES ('john.doe@example.com', 1, 1, 'Első poszt a csoportban', '2023-01-01');
INSERT INTO Posts (email, photoID, groupID, post_text, post_date) VALUES ('alice.smith@example.com', 2, 2, 'Közös kép az utolsó kirándulásról!', '2023-01-02');
INSERT INTO Posts (email, photoID, groupID, post_text, post_date) VALUES ('bob.johnson@example.com', 3, 3, 'Ma voltunk együtt vacsorázni!', '2023-01-03');
INSERT INTO Posts (email, photoID, groupID, post_text, post_date) VALUES ('emily.williams@example.com', 4, 4, 'Itt a következő feladat!', '2023-01-04');
INSERT INTO Posts (email, photoID, groupID, post_text, post_date) VALUES ('michael.brown@example.com', NULL, 5, 'Holnap meccs lesz!', '2023-01-05');
INSERT INTO Posts (email, photoID, groupID, post_text, post_date) VALUES ('sarah.davis@example.com', 6, 6, 'Új érdeklődési kör csoportot indítunk!', '2023-01-06');
INSERT INTO Posts (email, photoID, groupID, post_text, post_date) VALUES ('kevin.clark@example.com', 7, 7, 'Következő üzleti találkozó: péntek 10 órakor.', '2023-01-07');
INSERT INTO Posts (email, photoID, groupID, post_text, post_date) VALUES ('jennifer.lopez@example.com', 8, 8, 'Hétvégi programötletek?', '2023-01-08');
INSERT INTO Posts (email, photoID, groupID, post_text, post_date) VALUES ('kevin.clark@example.com', NULL, 9, 'Közösségi szervezetünk új projektje', '2023-01-09');
INSERT INTO Posts (email, photoID, groupID, post_text, post_date) VALUES ('emma.wilson@example.com', NULL, 10, 'Virtuális klub estje!', '2023-01-10');
INSERT INTO Posts (email, photoID, groupID, post_text, post_date) VALUES ('john.doe@example.com', 11, 1, 'Közös kirándulásra várunk mindenkit!', '2023-01-11');
INSERT INTO Posts (email, photoID, groupID, post_text, post_date) VALUES ('alice.smith@example.com', NULL, 2, 'Holnap kezdünk egy új tanfolyamot!', '2023-01-12');
INSERT INTO Posts (email, photoID, groupID, post_text, post_date) VALUES ('bob.johnson@example.com', 13, 3, 'Köszönjük mindenkinek a tegnapi bulit!', '2023-01-13');
INSERT INTO Posts (email, photoID, groupID, post_text, post_date) VALUES ('emily.williams@example.com', 14, 4, 'Az új projekt elindult!', '2023-01-14');
INSERT INTO Posts (email, photoID, groupID, post_text, post_date) VALUES ('michael.brown@example.com', 15, 5, 'Kérem, osszátok meg a legjobb meccs emlékeit!', '2023-01-15');
INSERT INTO Posts (email, photoID, groupID, post_text, post_date) VALUES ('sarah.davis@example.com', NULL, 6, 'Szeretettel várunk mindenkit az új csoportunkba!', '2023-01-16');
INSERT INTO Posts (email, photoID, groupID, post_text, post_date) VALUES ('kevin.clark@example.com', 17, 7, 'Kérjük, jelentkezzetek a következő üzleti találkozóra!', '2023-01-17');
INSERT INTO Posts (email, photoID, groupID, post_text, post_date) VALUES ('jennifer.lopez@example.com', NULL, 8, 'Ötleteket várok a hétvégi programhoz!', '2023-01-18');
INSERT INTO Posts (email, photoID, groupID, post_text, post_date) VALUES ('kevin.clark@example.com', 19, 9, 'Jelentkezzetek önkéntesnek az új projektben!', '2023-01-19');

INSERT INTO SiteComments (postID, email, comment_text, comment_date) VALUES (1, 'alice.smith@example.com', 'Gratulálok!', '2023-01-01');
INSERT INTO SiteComments (postID, email, comment_text, comment_date) VALUES (2, 'bob.johnson@example.com', 'Nagyon jó kép!', '2023-01-02');
INSERT INTO SiteComments (postID, email, comment_text, comment_date) VALUES (3, 'emily.williams@example.com', 'Milyen finom volt az étel!', '2023-01-03');
INSERT INTO SiteComments (postID, email, comment_text, comment_date) VALUES (4, 'michael.brown@example.com', 'Sikeresen megoldottam!', '2023-01-04');
INSERT INTO SiteComments (postID, email, comment_text, comment_date) VALUES (5, 'sarah.davis@example.com', 'Győzni fogunk!', '2023-01-05');
INSERT INTO SiteComments (postID, email, comment_text, comment_date) VALUES (6, 'kevin.clark@example.com', 'Nagyon érdekes téma!', '2023-01-06');
INSERT INTO SiteComments (postID, email, comment_text, comment_date) VALUES (7, 'jennifer.lopez@example.com', 'Rendben, ott leszek!', '2023-01-07');
INSERT INTO SiteComments (postID, email, comment_text, comment_date) VALUES (8, 'kevin.clark@example.com', 'Van egy jó ötletem!', '2023-01-08');
INSERT INTO SiteComments (postID, email, comment_text, comment_date) VALUES (9, 'emma.wilson@example.com', 'Sok sikert kívánok!', '2023-01-09');
INSERT INTO SiteComments (postID, email, comment_text, comment_date) VALUES (10, 'john.doe@example.com', 'Jó buli lesz!', '2023-01-10');

INSERT INTO Includes (postID, commentID) VALUES (1, 1);
INSERT INTO Includes (postID, commentID) VALUES (2, 2);
INSERT INTO Includes (postID, commentID) VALUES (3, 3);
INSERT INTO Includes (postID, commentID) VALUES (4, 4);
INSERT INTO Includes (postID, commentID) VALUES (5, 5);
INSERT INTO Includes (postID, commentID) VALUES (6, 6);
INSERT INTO Includes (postID, commentID) VALUES (7, 7);
INSERT INTO Includes (postID, commentID) VALUES (8, 8);
INSERT INTO Includes (postID, commentID) VALUES (9, 9);
INSERT INTO Includes (postID, commentID) VALUES (10, 10);